Sentiment,Avg_Likes,Avg_Retweets
Positive,83.63157894736842,23.57894736842105
Negative,76.46666666666667,22.9
Neutral,73.03125,23.40625
