AgeGroup,Avg_Likes,Avg_Retweets
Teen,77.63265306122449,23.183673469387756
Adult,73.02777777777777,21.36111111111111
